{"cameraMode":{"drawMode":0,"name":"Shaded","section":"Shading Mode"},"sceneLighting":true,"audioPlay":false,"sceneViewState":{"showFog":true,"showMaterialUpdate":false,"showSkybox":true,"showFlares":true,"showImageEffects":true,"showParticleSystems":true},"in2DMode":false,"pivot":{"x":-12.755180358886719,"y":7.038156509399414,"z":117.29222869873047},"rotation":{"x":-0.014336996711790562,"y":-0.9372944831848145,"z":0.3460727632045746,"w":-0.038829829543828967},"size":9.789807319641114,"orthographic":false}