{"cameraMode":{"drawMode":0,"name":"Shaded","section":"Shading Mode"},"sceneLighting":false,"audioPlay":false,"sceneViewState":{"showFog":true,"showMaterialUpdate":false,"showSkybox":false,"showFlares":true,"showImageEffects":true,"showParticleSystems":true},"in2DMode":false,"pivot":{"x":458.368896484375,"y":254.94775390625,"z":-15.070525169372559},"rotation":{"x":0.00557233951985836,"y":0.9897329807281494,"z":0.1371549814939499,"w":-0.04010803624987602},"size":78.30229949951172,"orthographic":false}