{"cameraMode":{"drawMode":0,"name":"Shaded","section":"Shading Mode"},"sceneLighting":true,"audioPlay":false,"sceneViewState":{"showFog":true,"showMaterialUpdate":false,"showSkybox":true,"showFlares":true,"showImageEffects":true,"showParticleSystems":true},"in2DMode":false,"pivot":{"x":-64.44221496582031,"y":2.679342269897461,"z":39.96102523803711},"rotation":{"x":0.016417251899838449,"y":-0.9664773941040039,"z":0.06387565284967423,"w":0.24821875989437104},"size":2.999882459640503,"orthographic":false}