{"cameraMode":{"drawMode":0,"name":"Shaded","section":"Shading Mode"},"sceneLighting":true,"audioPlay":false,"sceneViewState":{"showFog":true,"showMaterialUpdate":false,"showSkybox":true,"showFlares":true,"showImageEffects":true,"showParticleSystems":true},"in2DMode":false,"pivot":{"x":61.17787170410156,"y":-54.59049987792969,"z":-173.13990783691407},"rotation":{"x":0.05766494944691658,"y":-0.9365178346633911,"z":0.19560615718364716,"w":0.2862042486667633},"size":87.64224243164063,"orthographic":false}