{"cameraMode":{"drawMode":0,"name":"Shaded","section":"Shading Mode"},"sceneLighting":true,"audioPlay":false,"sceneViewState":{"showFog":true,"showMaterialUpdate":false,"showSkybox":true,"showFlares":true,"showImageEffects":true,"showParticleSystems":true},"in2DMode":false,"pivot":{"x":215.18019104003907,"y":40.55350875854492,"z":-51.09770584106445},"rotation":{"x":0.08618094027042389,"y":-0.8457185626029968,"z":0.14423717558383943,"w":0.5066700577735901},"size":12.461819648742676,"orthographic":false}