{"cameraMode":{"drawMode":0,"name":"Shaded","section":"Shading Mode"},"sceneLighting":true,"audioPlay":false,"sceneViewState":{"showFog":true,"showMaterialUpdate":false,"showSkybox":false,"showFlares":true,"showImageEffects":true,"showParticleSystems":true},"in2DMode":false,"pivot":{"x":2.7274246215820314,"y":37.07447814941406,"z":-39.36200714111328},"rotation":{"x":-0.015349131077528,"y":0.8774877190589905,"z":-0.02842525579035282,"w":-0.47864651679992678},"size":203.67713928222657,"orthographic":false}