{"cameraMode":{"drawMode":0,"name":"Shaded","section":"Shading Mode"},"sceneLighting":true,"audioPlay":false,"sceneViewState":{"showFog":true,"showMaterialUpdate":false,"showSkybox":true,"showFlares":true,"showImageEffects":true,"showParticleSystems":true},"in2DMode":false,"pivot":{"x":-25.293476104736329,"y":12.566402435302735,"z":103.17328643798828},"rotation":{"x":0.2025352418422699,"y":0.7909412384033203,"z":-0.34726178646087649,"w":0.4613044559955597},"size":6.095269203186035,"orthographic":false}